<?xml version="1.0"?>
<memorize name="phonemes" scoresnd="score.wav" winsnd="win.wav" divided="1" face1="1" face2="2" >

 <pair aimg="agua1.jpg" asnd="agua1.ogg" bimg="agua2.jpg" bsnd="agua2.ogg" />
 <pair aimg="bola1.jpg" asnd="bola1.ogg" bimg="bola2.jpg" bsnd="bola2.ogg" />
 <pair aimg="cama1.jpg" asnd="cama1.ogg" bimg="cama2.jpg" bsnd="cama2.ogg" />
 <pair aimg="casa1.jpg" asnd="casa1.ogg" bimg="casa2.jpg" bsnd="casa2.ogg" />
 <pair aimg="ema1.jpg" asnd="ema1.ogg" bimg="ema2.jpg" bsnd="ema2.ogg" />
 <pair aimg="frutas1.jpg" asnd="frutas1.ogg" bimg="frutas2.jpg" bsnd="frutas2.ogg" />
 <pair aimg="homem1.jpg" asnd="homem1.ogg" bimg="homem2.jpg" bsnd="homem2.ogg" />
 <pair aimg="ioio1.jpg" asnd="ioio1.ogg" bimg="ioio2.jpg" bsnd="ioio2.ogg" />
 <pair aimg="kiwi1.jpg" asnd="kiwi1.ogg" bimg="kiwi2.jpg" bsnd="kiwi2.ogg" />
 <pair aimg="livro1.jpg" asnd="livro1.ogg" bimg="livro2.jpg" bsnd="livro2.ogg" />
 <pair aimg="ovo1.jpg" asnd="ovo1.ogg" bimg="ovo2.jpg" bsnd="ovo2.ogg" />
 <pair aimg="peixe1.jpg" asnd="peixe1.ogg" bimg="peixe2.jpg" bsnd="peixe2.ogg" />
 <pair aimg="porco1.jpg" asnd="porco1.ogg" bimg="porco2.jpg" bsnd="porco2.ogg"/>
 <pair aimg="queijo1.jpg" asnd="queijo1.ogg" bimg="queijo2.jpg" bsnd="queijo2.ogg" />
 <pair aimg="roda1.jpg" asnd="roda1.ogg" bimg="roda2.jpg" bsnd="roda2.ogg" />
 <pair aimg="sapo1.jpg" asnd="sapo1.ogg" bimg="sapo2.jpg" bsnd="sapo2.ogg" />
 <pair aimg="uva1.jpg" asnd="uva1.ogg" bimg="uva2.jpg" bsnd="uva2.ogg" />
 <pair aimg="zebra1.jpg" asnd="zebra1.ogg" bimg="zebra2.jpg" bsnd="zebra2.ogg" />

</memorize>

<!--
1,agua1.jpg,agua1.wav,,,,,Á_ _ _,2,agua2.jpg,agua2.wav,,,,,_GUA
1,bola1.jpg,bola1.wav,,,,,BO_ _,2,bola2.jpg,bola2.wav,,,,,_ _LA
1,casa1.jpg,casa1.wav,,,,,CA_ _,2,casa2.jpg,casa2.wav,,,,,_ _SA
1,ema1.jpg,ema1.wav,,,,,E_ _,2,ema2.jpg,ema2.wav,,,,,_MA
1,frutas1.jpg,frutas1.wav,,,,,FRU_ _ _,2,frutas2.jpg,frutas2.wav,,,,,_ _ _TAS
1,homem1.jpg,homem1.wav,,,,,HO_ _ _,2,homem2.jpg,homem2.wav,,,,,_ _MEM
1,ioio1.jpg,ioio1.wav,,,,,IO_ _,2,ioio2.jpg,ioio2.wav,,,,,_ _IO
1,kiwi1.jpg,kiwi1.wav,,,,,KI_ _,2,kiwi2.jpg,kiwi2.wav,,,,,_ _WI
1,ovo1.jpg,ovo1.wav,,,,,O_ _,2,ovo2.jpg,ovo2.wav,,,,,_VO
1,peixe1.jpg,peixe1.wav,,,,,PEI_ _,2,peixe2.jpg,peixe2.wav,,,,,_ _ _XE
1,queijo1.jpg,queijo1.wav,,,,,QUEI_ _,2,queijo2.jpg,queijo2.wav,,,,,_ _ _ _JO
1,roda1.jpg,roda1.wav,,,,,RO_ _,2,roda2.jpg,roda2.wav,,,,,_ _DA
1,sapo1.jpg,sapo1.wav,,,,,SA_ _,2,sapo2.jpg,sapo2.wav,,,,,_ _PO
1,uva1.jpg,uva1.wav,,,,,U_ _,2,uva2.jpg,uva2.wav,,,,,_VA
1,zebra1.jpg,zebra1.wav,,,,,ZE_ _ _,2,zebra2.jpg,zebra2.wav,,,,,_ _BRA
-->
